{
  "categories_list": {
    "featured": [
      "/produtos?Produtos",
      "/cosmeticos?Cosméticos",
      "/bem-estar?Bem-Estar",
      "/aromaterapia?Aromaterapia",
      "/auxilia-na?Auxilia na"
    ],
    "random": 0,
    "full_width": false
  },
  "menu_all_departments": true,
  "centralized_logo": false,
  "marketing_stripe": {
    "text": "Aproveite nossos descontos de até 50%!",
    "link": "/promotion",
    "background": "#316004"
  },
  "alphabetical_order_submenu": false,
  "popup": "/img/uploads/popup1.png",
  "name_all_departments": "Todas Categorias",
  "search_input": true,
  "desktop_megamenu": true,
  "full_width_submenu": false,
  "contacts_stripe": {
    "pages": [],
    "phone_wpp": false,
    "socials": false
  }
}